-- 选择数据库
USE meetrom;
SET NAMES 'utf8';

-- 初始化用户
INSERT INTO Users  (usersid,usersName,usersPass,usersRepass,usersPassQuestion,usersPassReply,usersTrueName,usersAddress,usersEmail,usersSpecialty,usersHuji,usersIDcard,usersCsrq,usersJiguan,usersAge,usersSex,createDate,usersPhone)  values (1001,"hanwang1001","123456","123456","hello","hi","hanwang","beijing","hanang2@126.com","电子","安徽","123654","19851214","安徽","32",  "male","2017-05-12 20:55:32","18610229522");
INSERT INTO Users  (usersid,usersName,usersPass,usersRepass,usersPassQuestion,usersPassReply,usersTrueName,usersAddress,usersEmail,usersSpecialty,usersHuji,usersIDcard,usersCsrq,usersJiguan,usersAge,usersSex,createDate,usersPhone)  values (1002,"hanwang1002","123456","123456","hello","hi","hanwang","beijing","hanang2@126.com","电子","安徽","123654","19851214","安徽","32",  "male","2017-05-12 20:55:32","18610229522");
INSERT INTO Users  (usersid,usersName,usersPass,usersRepass,usersPassQuestion,usersPassReply,usersTrueName,usersAddress,usersEmail,usersSpecialty,usersHuji,usersIDcard,usersCsrq,usersJiguan,usersAge,usersSex,createDate,usersPhone)  values (1003,"hanwang1003","123456","123456","hello","hi","hanwang","beijing","hanang3@126.com","电子","安徽","123654","19851214","安徽","33",  "male","2017-05-12 20:55:33","18610229523");  
INSERT INTO Users  (usersid,usersName,usersPass,usersRepass,usersPassQuestion,usersPassReply,usersTrueName,usersAddress,usersEmail,usersSpecialty,usersHuji,usersIDcard,usersCsrq,usersJiguan,usersAge,usersSex,createDate,usersPhone)  values (1004,"hanwang1004","123456","123456","hello","hi","hanwang","beijing","hanang4@126.com","电子","安徽","123654","19851214","安徽","34",  "male","2017-05-12 20:55:34","18610229524");  
INSERT INTO Users  (usersid,usersName,usersPass,usersRepass,usersPassQuestion,usersPassReply,usersTrueName,usersAddress,usersEmail,usersSpecialty,usersHuji,usersIDcard,usersCsrq,usersJiguan,usersAge,usersSex,createDate,usersPhone)  values (1005,"hanwang1005","123456","123456","hello","hi","hanwang","beijing","hanang5@126.com","电子","安徽","123654","19851214","安徽","35",  "male","2017-05-12 20:55:35","18610229525");  
INSERT INTO Users  (usersid,usersName,usersPass,usersRepass,usersPassQuestion,usersPassReply,usersTrueName,usersAddress,usersEmail,usersSpecialty,usersHuji,usersIDcard,usersCsrq,usersJiguan,usersAge,usersSex,createDate,usersPhone)  values (1006,"hanwang1006","123456","123456","hello","hi","hanwang","beijing","hanang6@126.com","电子","安徽","123654","19851214","安徽","36",  "male","2017-05-12 20:55:36","18610229526");  
INSERT INTO Users  (usersid,usersName,usersPass,usersRepass,usersPassQuestion,usersPassReply,usersTrueName,usersAddress,usersEmail,usersSpecialty,usersHuji,usersIDcard,usersCsrq,usersJiguan,usersAge,usersSex,createDate,usersPhone)  values (1007,"hanwang1007","123456","123456","hello","hi","hanwang","beijing","hanang7@126.com","电子","安徽","123654","19851214","安徽","37",  "male","2017-05-12 20:55:37","18610229527");  
INSERT INTO Users  (usersid,usersName,usersPass,usersRepass,usersPassQuestion,usersPassReply,usersTrueName,usersAddress,usersEmail,usersSpecialty,usersHuji,usersIDcard,usersCsrq,usersJiguan,usersAge,usersSex,createDate,usersPhone)  values (1008,"hanwang1008","123456","123456","hello","hi","hanwang","beijing","hanang8@126.com","电子","安徽","123654","19851214","安徽","38",  "male","2017-05-12 20:55:38","18610229528");  
INSERT INTO Users  (usersid,usersName,usersPass,usersRepass,usersPassQuestion,usersPassReply,usersTrueName,usersAddress,usersEmail,usersSpecialty,usersHuji,usersIDcard,usersCsrq,usersJiguan,usersAge,usersSex,createDate,usersPhone)  values (1009,"hanwang1009","123456","123456","hello","hi","hanwang","beijing","hanang9@126.com","电子","安徽","123654","19851214","安徽","39",  "male","2017-05-12 20:55:39","18610229529"); 

-- 初始化管理员
insert into Admin (Adminid,AdminName,AdminPass,AdminRepass,AdminPassQuestion,AdminPassReply,AdminTrueName,AdminAddress,AdminEmail,AdminSpecialty,AdminHuji,AdminIDcard,AdminCsrq,AdminJiguan,AdminAge,AdminSex,AdminPhone) values (6001,"han01","123456","123456","你的大学名称","中南民族大学","韩望","北京市朝阳区","han01@126.com","电子信息工程","安徽省","123456789","1985-12-14 08:08:08","山东",32,"男","11111111102");
insert into Admin (Adminid,AdminName,AdminPass,AdminRepass,AdminPassQuestion,AdminPassReply,AdminTrueName,AdminAddress,AdminEmail,AdminSpecialty,AdminHuji,AdminIDcard,AdminCsrq,AdminJiguan,AdminAge,AdminSex,AdminPhone) values (6002,"han02","123456","123456","你的大学名称","中南民族大学","韩望","北京市朝阳区","han02@126.com","电子信息工程","安徽省","123456789","1985-12-14 08:08:08","山东",32,"男","11111111102"); 
insert into Admin (Adminid,AdminName,AdminPass,AdminRepass,AdminPassQuestion,AdminPassReply,AdminTrueName,AdminAddress,AdminEmail,AdminSpecialty,AdminHuji,AdminIDcard,AdminCsrq,AdminJiguan,AdminAge,AdminSex,AdminPhone) values (6003,"han03","123456","123456","你的大学名称","中南民族大学","韩望","北京市朝阳区","han03@126.com","电子信息工程","安徽省","123456789","1985-12-14 08:08:08","山东",32,"男","11111111103"); 
insert into Admin (Adminid,AdminName,AdminPass,AdminRepass,AdminPassQuestion,AdminPassReply,AdminTrueName,AdminAddress,AdminEmail,AdminSpecialty,AdminHuji,AdminIDcard,AdminCsrq,AdminJiguan,AdminAge,AdminSex,AdminPhone) values (6004,"han04","123456","123456","你的大学名称","中南民族大学","韩望","北京市朝阳区","han04@126.com","电子信息工程","安徽省","123456789","1985-12-14 08:08:08","山东",32,"男","11111111104"); 
insert into Admin (Adminid,AdminName,AdminPass,AdminRepass,AdminPassQuestion,AdminPassReply,AdminTrueName,AdminAddress,AdminEmail,AdminSpecialty,AdminHuji,AdminIDcard,AdminCsrq,AdminJiguan,AdminAge,AdminSex,AdminPhone) values (6005,"han05","123456","123456","你的大学名称","中南民族大学","韩望","北京市朝阳区","han05@126.com","电子信息工程","安徽省","123456789","1985-12-14 08:08:08","山东",32,"男","11111111105"); 
insert into Admin (Adminid,AdminName,AdminPass,AdminRepass,AdminPassQuestion,AdminPassReply,AdminTrueName,AdminAddress,AdminEmail,AdminSpecialty,AdminHuji,AdminIDcard,AdminCsrq,AdminJiguan,AdminAge,AdminSex,AdminPhone) values (6006,"han06","123456","123456","你的大学名称","中南民族大学","韩望","北京市朝阳区","han06@126.com","电子信息工程","安徽省","123456789","1985-12-14 08:08:08","山东",32,"男","11111111106"); 
insert into Admin (Adminid,AdminName,AdminPass,AdminRepass,AdminPassQuestion,AdminPassReply,AdminTrueName,AdminAddress,AdminEmail,AdminSpecialty,AdminHuji,AdminIDcard,AdminCsrq,AdminJiguan,AdminAge,AdminSex,AdminPhone) values (6007,"han07","123456","123456","你的大学名称","中南民族大学","韩望","北京市朝阳区","han07@126.com","电子信息工程","安徽省","123456789","1985-12-14 08:08:08","山东",32,"男","11111111107"); 
insert into Admin (Adminid,AdminName,AdminPass,AdminRepass,AdminPassQuestion,AdminPassReply,AdminTrueName,AdminAddress,AdminEmail,AdminSpecialty,AdminHuji,AdminIDcard,AdminCsrq,AdminJiguan,AdminAge,AdminSex,AdminPhone) values (6008,"han08","123456","123456","你的大学名称","中南民族大学","韩望","北京市朝阳区","han08@126.com","电子信息工程","安徽省","123456789","1985-12-14 08:08:08","山东",32,"男","11111111108"); 
insert into Admin (Adminid,AdminName,AdminPass,AdminRepass,AdminPassQuestion,AdminPassReply,AdminTrueName,AdminAddress,AdminEmail,AdminSpecialty,AdminHuji,AdminIDcard,AdminCsrq,AdminJiguan,AdminAge,AdminSex,AdminPhone) values (6009,"han09","123456","123456","你的大学名称","中南民族大学","韩望","北京市朝阳区","han09@126.com","电子信息工程","安徽省","123456789","1985-12-14 08:08:08","山东",32,"男","11111111109"); 
insert into Admin (Adminid,AdminName,AdminPass,AdminRepass,AdminPassQuestion,AdminPassReply,AdminTrueName,AdminAddress,AdminEmail,AdminSpecialty,AdminHuji,AdminIDcard,AdminCsrq,AdminJiguan,AdminAge,AdminSex,AdminPhone) values (6010,"han10","123456","123456","你的大学名称","中南民族大学","韩望","北京市朝阳区","han10@126.com","电子信息工程","安徽省","123456789","1985-12-14 08:08:08","山东",32,"男","11111111110"); 

-- 初始化会议室
insert into Conference (Sqrzh,Sqrxm,Name,Didian,Duomeiti,Rongnarenshu,Hueiyizhuti,Shenqingzhuangtai,Shenpi,Shenqliyou,Shenqsjian) values (1001,"韩望01","meet01","one floor","yes",100,"create","yes","yes","开会","2017-05-13 21:31:00");
insert into Conference (Sqrzh,Sqrxm,Name,Didian,Duomeiti,Rongnarenshu,Hueiyizhuti,Shenqingzhuangtai,Shenpi,Shenqliyou,Shenqsjian) values (1002,"韩望02","meet02","one floor","yes",100,"create","yes","yes","开会","2017-05-13 21:31:00");
insert into Conference (Sqrzh,Sqrxm,Name,Didian,Duomeiti,Rongnarenshu,Hueiyizhuti,Shenqingzhuangtai,Shenpi,Shenqliyou,Shenqsjian) values (1003,"韩望03","meet03","one floor","yes",100,"create","yes","yes","开会","2017-05-13 21:31:00");
insert into Conference (Sqrzh,Sqrxm,Name,Didian,Duomeiti,Rongnarenshu,Hueiyizhuti,Shenqingzhuangtai,Shenpi,Shenqliyou,Shenqsjian) values (1004,"韩望04","meet04","one floor","yes",100,"create","yes","yes","开会","2017-05-13 21:31:00");
insert into Conference (Sqrzh,Sqrxm,Name,Didian,Duomeiti,Rongnarenshu,Hueiyizhuti,Shenqingzhuangtai,Shenpi,Shenqliyou,Shenqsjian) values (1005,"韩望05","meet05","one floor","yes",100,"create","yes","yes","开会","2017-05-13 21:31:00");
insert into Conference (Sqrzh,Sqrxm,Name,Didian,Duomeiti,Rongnarenshu,Hueiyizhuti,Shenqingzhuangtai,Shenpi,Shenqliyou,Shenqsjian) values (1006,"韩望06","meet06","one floor","yes",100,"create","yes","yes","开会","2017-05-13 21:31:00");
insert into Conference (Sqrzh,Sqrxm,Name,Didian,Duomeiti,Rongnarenshu,Hueiyizhuti,Shenqingzhuangtai,Shenpi,Shenqliyou,Shenqsjian) values (1007,"韩望07","meet07","one floor","yes",100,"create","yes","yes","开会","2017-05-13 21:31:00");
insert into Conference (Sqrzh,Sqrxm,Name,Didian,Duomeiti,Rongnarenshu,Hueiyizhuti,Shenqingzhuangtai,Shenpi,Shenqliyou,Shenqsjian) values (1008,"韩望08","meet08","one floor","yes",100,"create","yes","yes","开会","2017-05-13 21:31:00");
insert into Conference (Sqrzh,Sqrxm,Name,Didian,Duomeiti,Rongnarenshu,Hueiyizhuti,Shenqingzhuangtai,Shenpi,Shenqliyou,Shenqsjian) values (1009,"韩望09","meet09","one floor","yes",100,"create","yes","yes","开会","2017-05-13 21:31:00");
insert into Conference (Sqrzh,Sqrxm,Name,Didian,Duomeiti,Rongnarenshu,Hueiyizhuti,Shenqingzhuangtai,Shenpi,Shenqliyou,Shenqsjian) values (1010,"韩望10","meet10","one floor","yes",100,"create","yes","yes","开会","2017-05-13 21:31:00");
insert into Conference (Sqrzh,Sqrxm,Name,Didian,Duomeiti,Rongnarenshu,Hueiyizhuti,Shenqingzhuangtai,Shenpi,Shenqliyou,Shenqsjian) values (1011,"韩望11","meet11","one floor","yes",100,"create","yes","yes","开会","2017-05-13 21:31:00");

-- 初始化图片存储
insert into storePicture (Adminid,nameplates,storePicture) values (6001,"/static/img/","01.img");
insert into storePicture (Adminid,nameplates,storePicture) values (6002,"/static/img/","02.img");
insert into storePicture (Adminid,nameplates,storePicture) values (6003,"/static/img/","03.img");
insert into storePicture (Adminid,nameplates,storePicture) values (6004,"/static/img/","04.img");
insert into storePicture (Adminid,nameplates,storePicture) values (6005,"/static/img/","05.img");
insert into storePicture (Adminid,nameplates,storePicture) values (6006,"/static/img/","06.img");
insert into storePicture (Adminid,nameplates,storePicture) values (6007,"/static/img/","07.img");
insert into storePicture (Adminid,nameplates,storePicture) values (6008,"/static/img/","08.img");
insert into storePicture (Adminid,nameplates,storePicture) values (6009,"/static/img/","09.img");
insert into storePicture (Adminid,nameplates,storePicture) values (6010,"/static/img/","10.img");
insert into storePicture (Adminid,nameplates,storePicture) values (6011,"/static/img/","11.img");
